Optimizer,Noise Level,Final Energy (Ha),Error,Iterations to Converge,Runtime (s)
Proposed Orchestrator,Low,-0.9539,0.1823,100,6.58
Proposed Orchestrator,Medium,-1.0409,0.0953,200,6.56
Proposed Orchestrator,High,-0.9292,0.2070,300,6.53
Adam (Baseline),Low,-0.4669,0.6693,100,0.59
Adam (Baseline),Medium,-1.0427,0.0934,100,0.55
Adam (Baseline),High,-0.3698,0.7664,100,0.55
Genetic Algorithm,Low,-1.1126,0.0236,100,6.49
Genetic Algorithm,Medium,-1.0415,0.0947,200,6.49
Genetic Algorithm,High,-0.9537,0.1825,300,6.49
Particle Swarm,Low,-1.0990,0.0372,100,6.56
Particle Swarm,Medium,-0.3910,0.7452,200,6.56
Particle Swarm,High,-0.9114,0.2248,300,6.55
